loan_id,segment_id,scenario_name,current_balance,reserve_amount,reserve_rate
RRB-00001,commercial_real_estate,baseline,1603169.51,15345.54,0.009572
RRB-00002,commercial_real_estate,baseline,1500843.53,16803.44,0.011196
RRB-00003,commercial_real_estate,baseline,500856.24,1442.47,0.00288
RRB-00004,commercial_real_estate,baseline,471730.7,6573.1,0.013934
RRB-00005,commercial_real_estate,baseline,1524023.77,3057.19,0.002006
RRB-00006,commercial_real_estate,baseline,1914241.36,13931.85,0.007278
RRB-00007,commercial_real_estate,baseline,643469.31,1910.46,0.002969
RRB-00008,commercial_real_estate,baseline,675136.34,4854.91,0.007191
RRB-00009,commercial_real_estate,baseline,1647340.04,12966.21,0.007871
RRB-00010,commercial_real_estate,baseline,1167864.36,6062.38,0.005191
RRB-00011,commercial_real_estate,baseline,1059682.76,7482.42,0.007061
RRB-00012,commercial_real_estate,baseline,930838.22,5299.26,0.005693
RRB-00013,commercial_real_estate,baseline,374514.82,2123.5,0.00567
RRB-00014,commercial_real_estate,baseline,1136599.02,7851.63,0.006908
RRB-00015,commercial_real_estate,baseline,837833.9,3208.9,0.00383
RRB-00016,commercial_real_estate,baseline,1008699.67,3744.29,0.003712
RRB-00017,commercial_real_estate,baseline,1303580.75,9645.19,0.007399
RRB-00018,commercial_real_estate,baseline,1582999.9,3667.81,0.002317
RRB-00019,commercial_real_estate,baseline,1468267.14,19056.64,0.012979
RRB-00020,commercial_real_estate,baseline,1698273.69,7137.84,0.004203
RRB-00021,commercial_real_estate,baseline,285523.84,4108.97,0.014391
RRB-00022,commercial_real_estate,baseline,1525801.44,13045.6,0.00855
RRB-00023,commercial_real_estate,baseline,1307021.97,7817.3,0.005981
RRB-00024,commercial_real_estate,baseline,1910114.98,18465.08,0.009667
RRB-00025,commercial_real_estate,baseline,2081107.03,14707.18,0.007067
RRB-00026,commercial_real_estate,baseline,275005.08,818.97,0.002978
RRB-00027,commercial_real_estate,baseline,1865240.18,3247.38,0.001741
RRB-00028,commercial_real_estate,baseline,743981.59,5076.19,0.006823
RRB-00029,commercial_real_estate,baseline,1468180.58,16280.65,0.011089
RRB-00030,commercial_real_estate,baseline,1740615.8,3949.46,0.002269
RRB-00031,commercial_real_estate,baseline,1901642.64,12408.22,0.006525
RRB-00032,commercial_real_estate,baseline,2084175.69,8736.86,0.004192
RRB-00033,commercial_real_estate,baseline,1487675.62,7133.4,0.004795
RRB-00034,commercial_real_estate,baseline,1925456.65,10322.37,0.005361
RRB-00035,commercial_real_estate,baseline,1220512.53,8123.73,0.006656
RRB-00036,commercial_real_estate,baseline,705053.66,5033.38,0.007139
RRB-00037,commercial_real_estate,baseline,562112.81,5037.09,0.008961
RRB-00038,commercial_real_estate,baseline,1220861.02,6397.31,0.00524
RRB-00039,commercial_real_estate,baseline,1703439.13,5587.28,0.00328
RRB-00040,commercial_real_estate,baseline,1126219.4,9573.99,0.008501
RRB-00041,commercial_real_estate,baseline,1578491.27,5857.78,0.003711
RRB-00042,commercial_real_estate,baseline,494365.13,2500.99,0.005059
RRB-00043,commercial_real_estate,baseline,2144836.96,12746.77,0.005943
RRB-00044,commercial_real_estate,baseline,1174102.24,6917.81,0.005892
RRB-00045,commercial_real_estate,baseline,1862330.7,7328.27,0.003935
RRB-00046,commercial_real_estate,baseline,1671405.09,5279.97,0.003159
RRB-00047,commercial_real_estate,baseline,1772332.5,8305.15,0.004686
RRB-00048,commercial_real_estate,baseline,997362.43,6972.56,0.006991
RRB-00049,commercial_real_estate,baseline,465668.95,4463.44,0.009585
RRB-00050,commercial_real_estate,baseline,1137863.84,4001.87,0.003517
RRB-00051,commercial_real_estate,baseline,896024.51,2847.57,0.003178
RRB-00052,commercial_real_estate,baseline,1027339.01,4180.24,0.004069
RRB-00053,commercial_real_estate,baseline,2185268.62,12910.57,0.005908
RRB-00054,commercial_real_estate,baseline,852603.26,6046.66,0.007092
RRB-00055,commercial_real_estate,baseline,1775896.0,11133.09,0.006269
RRB-00056,commercial_real_estate,baseline,574404.54,4452.21,0.007751
RRB-00057,commercial_real_estate,baseline,1407695.23,11816.19,0.008394
RRB-00058,commercial_real_estate,baseline,926082.79,2425.41,0.002619
RRB-00059,commercial_real_estate,baseline,722640.75,3837.95,0.005311
RRB-00060,commercial_real_estate,baseline,1015622.22,10290.28,0.010132
RRB-00061,commercial_real_estate,baseline,2071939.9,14654.83,0.007073
RRB-00062,commercial_real_estate,baseline,1377800.68,2889.25,0.002097
RRB-00063,commercial_real_estate,baseline,1260441.88,5029.16,0.00399
RRB-00064,commercial_real_estate,baseline,1817011.95,3763.03,0.002071
RRB-00065,commercial_real_estate,baseline,1232225.25,3208.71,0.002604
RRB-00066,commercial_real_estate,baseline,469615.66,3363.86,0.007163
RRB-00067,commercial_real_estate,baseline,505722.36,2161.46,0.004274
RRB-00068,commercial_real_estate,baseline,1650966.62,7539.96,0.004567
RRB-00069,commercial_real_estate,baseline,1160239.08,8151.84,0.007026
RRB-00070,commercial_real_estate,baseline,657221.26,2515.84,0.003828
RRB-00071,commercial_real_estate,baseline,2135430.08,15603.59,0.007307
RRB-00072,commercial_real_estate,baseline,777191.54,2281.83,0.002936
RRB-00073,commercial_real_estate,baseline,1776408.79,22752.24,0.012808
RRB-00074,commercial_real_estate,baseline,867849.32,4193.45,0.004832
RRB-00075,commercial_real_estate,baseline,1705012.27,10946.18,0.00642
RRB-00076,commercial_real_estate,baseline,1278476.85,5615.07,0.004392
RRB-00077,commercial_real_estate,baseline,321153.35,3249.11,0.010117
RRB-00078,commercial_real_estate,baseline,1640027.7,19342.49,0.011794
RRB-00079,commercial_real_estate,baseline,819455.16,1475.84,0.001801
RRB-00080,commercial_real_estate,baseline,1097171.68,3675.53,0.00335
RRB-00081,commercial_real_estate,baseline,1641837.54,3874.74,0.00236
RRB-00082,commercial_real_estate,baseline,2190817.02,15101.3,0.006893
RRB-00083,commercial_real_estate,baseline,1121650.17,4034.58,0.003597
RRB-00084,commercial_real_estate,baseline,1561026.14,6048.98,0.003875
RRB-00085,commercial_real_estate,baseline,1196994.55,42294.61,0.035334
RRB-00086,commercial_real_estate,baseline,1549145.71,9812.29,0.006334
RRB-00087,commercial_real_estate,baseline,559963.88,2381.53,0.004253
RRB-00088,commercial_real_estate,baseline,2188235.92,17055.11,0.007794
RRB-00089,commercial_real_estate,baseline,530618.15,1622.1,0.003057
RRB-00090,commercial_real_estate,baseline,1551681.37,6441.03,0.004151
RRB-00091,commercial_real_estate,baseline,378525.08,4715.67,0.012458
RRB-00092,commercial_real_estate,baseline,420348.82,6083.29,0.014472
RRB-00093,commercial_real_estate,baseline,1953709.09,25327.88,0.012964
RRB-00094,commercial_real_estate,baseline,1711814.34,8013.0,0.004681
RRB-00095,commercial_real_estate,baseline,437907.09,1110.09,0.002535
RRB-00096,commercial_real_estate,baseline,798173.25,8525.29,0.010681
RRB-00097,commercial_real_estate,baseline,386831.47,2239.75,0.00579
RRB-00098,commercial_real_estate,baseline,2074303.37,18260.09,0.008803
RRB-00099,commercial_real_estate,baseline,1900879.82,10827.41,0.005696
RRB-00100,commercial_real_estate,baseline,1764702.99,5369.99,0.003043
RRB-00101,commercial_real_estate,baseline,1611953.38,11162.78,0.006925
RRB-00102,commercial_real_estate,baseline,1561221.22,20929.73,0.013406
RRB-00103,commercial_real_estate,baseline,313987.94,1754.56,0.005588
RRB-00104,commercial_real_estate,baseline,360330.94,10126.74,0.028104
RRB-00105,commercial_real_estate,baseline,836759.03,2632.44,0.003146
RRB-00106,commercial_real_estate,baseline,1375110.51,5186.92,0.003772
RRB-00107,commercial_real_estate,baseline,1866928.54,5822.95,0.003119
RRB-00108,commercial_real_estate,baseline,1113274.84,12132.47,0.010898
RRB-00109,commercial_real_estate,baseline,735913.18,3193.13,0.004339
RRB-00110,commercial_real_estate,baseline,1487125.21,3349.01,0.002252
RRB-00111,commercial_real_estate,baseline,2106161.69,7639.05,0.003627
RRB-00112,commercial_real_estate,baseline,1196644.49,2474.66,0.002068
RRB-00113,commercial_real_estate,baseline,1346132.57,18234.71,0.013546
RRB-00114,commercial_real_estate,baseline,815301.99,3359.04,0.00412
RRB-00115,commercial_real_estate,baseline,1719272.89,8508.68,0.004949
RRB-00116,commercial_real_estate,baseline,535241.59,1865.85,0.003486
RRB-00117,commercial_real_estate,baseline,1555647.51,3570.21,0.002295
RRB-00118,commercial_real_estate,baseline,676202.27,7900.07,0.011683
RRB-00119,commercial_real_estate,baseline,1567057.44,5375.01,0.00343
RRB-00120,commercial_real_estate,baseline,1228891.69,5907.28,0.004807
RRB-00121,commercial_real_estate,baseline,1858581.25,10599.49,0.005703
RRB-00122,commercial_real_estate,baseline,1354542.98,4158.45,0.00307
RRB-00123,commercial_real_estate,baseline,2018924.26,7207.56,0.00357
RRB-00124,commercial_real_estate,baseline,1129198.72,5865.06,0.005194
RRB-00125,commercial_real_estate,baseline,279424.5,2562.04,0.009169
RRB-00126,commercial_real_estate,baseline,2151736.82,6937.2,0.003224
RRB-00127,commercial_real_estate,baseline,1748902.21,13704.4,0.007836
RRB-00128,commercial_real_estate,baseline,1853732.54,5353.58,0.002888
RRB-00129,commercial_real_estate,baseline,1864337.57,9640.49,0.005171
RRB-00130,commercial_real_estate,baseline,496220.56,1607.26,0.003239
RRB-00131,commercial_real_estate,baseline,1955165.99,5546.81,0.002837
RRB-00132,commercial_real_estate,baseline,414008.17,2977.96,0.007193
RRB-00133,commercial_real_estate,baseline,852489.64,5376.65,0.006307
RRB-00134,commercial_real_estate,baseline,562162.04,5925.19,0.01054
RRB-00135,commercial_real_estate,baseline,1191687.99,4141.12,0.003475
RRB-00136,commercial_real_estate,baseline,619839.56,2996.92,0.004835
RRB-00137,commercial_real_estate,baseline,661793.67,1782.87,0.002694
RRB-00138,commercial_real_estate,baseline,1379551.23,9397.5,0.006812
RRB-00139,commercial_real_estate,baseline,564757.41,968.56,0.001715
RRB-00140,commercial_real_estate,baseline,1189772.84,6142.8,0.005163
RRB-00141,commercial_real_estate,baseline,1603090.8,12452.81,0.007768
RRB-00142,commercial_real_estate,baseline,280506.9,839.0,0.002991
RRB-00143,commercial_real_estate,baseline,1974471.09,14812.48,0.007502
RRB-00144,commercial_real_estate,baseline,1721210.27,8836.69,0.005134
RRB-00145,commercial_real_estate,baseline,1716113.22,5196.39,0.003028
RRB-00146,commercial_real_estate,baseline,1661839.14,7137.6,0.004295
RRB-00147,commercial_real_estate,baseline,2124275.0,40467.44,0.01905
RRB-00148,commercial_real_estate,baseline,531172.3,4876.16,0.00918
RRB-00149,commercial_real_estate,baseline,411303.41,772.02,0.001877
RRB-00150,commercial_real_estate,baseline,1692444.67,12519.01,0.007397
RRB-00151,commercial_real_estate,baseline,285455.99,1574.0,0.005514
RRB-00152,commercial_real_estate,baseline,1478556.29,17043.32,0.011527
RRB-00153,commercial_real_estate,baseline,1466133.29,13341.81,0.0091
RRB-00154,commercial_real_estate,baseline,2052120.24,4194.53,0.002044
RRB-00155,commercial_real_estate,baseline,440788.66,1153.54,0.002617
RRB-00156,commercial_real_estate,baseline,936605.34,5744.2,0.006133
RRB-00157,commercial_real_estate,baseline,1731353.39,3554.47,0.002053
RRB-00158,commercial_real_estate,baseline,929711.64,4526.77,0.004869
RRB-00159,commercial_real_estate,baseline,818267.95,1558.8,0.001905
RRB-00160,commercial_real_estate,baseline,599884.06,3326.36,0.005545
RRB-00161,commercial_real_estate,baseline,289343.36,2538.99,0.008775
RRB-00162,commercial_real_estate,baseline,1281576.88,3467.95,0.002706
RRB-00163,commercial_real_estate,baseline,374673.87,1232.68,0.00329
RRB-00164,commercial_real_estate,baseline,1164913.87,7761.82,0.006663
RRB-00165,commercial_real_estate,baseline,1680525.92,22393.01,0.013325
RRB-00166,commercial_real_estate,baseline,1066531.4,5310.26,0.004979
RRB-00167,commercial_real_estate,baseline,1436041.46,15377.13,0.010708
RRB-00168,commercial_real_estate,baseline,2108315.24,21243.38,0.010076
RRB-00169,commercial_real_estate,baseline,600196.25,4362.23,0.007268
RRB-00170,commercial_real_estate,baseline,1504830.22,4984.0,0.003312
RRB-00171,commercial_real_estate,baseline,1555483.5,3814.05,0.002452
RRB-00172,commercial_real_estate,baseline,1241968.24,3487.45,0.002808
RRB-00173,commercial_real_estate,baseline,915358.89,3333.74,0.003642
RRB-00174,commercial_real_estate,baseline,567375.93,2524.82,0.00445
RRB-00175,commercial_real_estate,baseline,986348.51,5283.87,0.005357
RRB-00176,commercial_real_estate,baseline,1329894.71,4739.74,0.003564
RRB-00177,commercial_real_estate,baseline,2146483.24,4833.88,0.002252
RRB-00178,commercial_real_estate,baseline,783147.85,19349.23,0.024707
RRB-00179,commercial_real_estate,baseline,1925097.96,9454.16,0.004911
RRB-00180,commercial_real_estate,baseline,1781836.68,6861.85,0.003851
RRB-00181,commercial_real_estate,baseline,966009.37,3196.53,0.003309
RRB-00182,commercial_real_estate,baseline,1372752.04,5501.99,0.004008
RRB-00183,commercial_real_estate,baseline,302126.96,942.33,0.003119
RRB-00184,commercial_real_estate,baseline,2163270.67,8025.73,0.00371
RRB-00185,commercial_real_estate,baseline,1210453.71,3896.45,0.003219
RRB-00186,commercial_real_estate,baseline,549669.21,1240.05,0.002256
RRB-00187,commercial_real_estate,baseline,1797123.67,9120.4,0.005075
RRB-00188,commercial_real_estate,baseline,1949215.39,17835.32,0.00915
RRB-00189,commercial_real_estate,baseline,1686185.21,9525.26,0.005649
RRB-00190,commercial_real_estate,baseline,2166895.6,15426.13,0.007119
RRB-00191,commercial_real_estate,baseline,790680.08,10897.15,0.013782
RRB-00192,commercial_real_estate,baseline,1329667.25,5318.67,0.004
RRB-00193,commercial_real_estate,baseline,1108419.14,3973.68,0.003585
RRB-00194,commercial_real_estate,baseline,1494856.74,7605.83,0.005088
RRB-00195,commercial_real_estate,baseline,796966.12,3679.59,0.004617
RRB-00196,commercial_real_estate,baseline,1579651.49,64427.67,0.040786
RRB-00197,commercial_real_estate,baseline,1161961.96,6818.39,0.005868
RRB-00198,commercial_real_estate,baseline,998262.74,5883.76,0.005894
RRB-00199,commercial_real_estate,baseline,1612806.2,9099.45,0.005642
RRB-00200,commercial_real_estate,baseline,780745.05,3865.47,0.004951
RRB-00201,commercial_real_estate,baseline,895034.64,8373.94,0.009356
RRB-00202,commercial_real_estate,baseline,2195621.57,9941.77,0.004528
RRB-00203,commercial_real_estate,baseline,1009105.57,5295.79,0.005248
RRB-00204,commercial_real_estate,baseline,909389.47,6361.18,0.006995
RRB-00205,commercial_real_estate,baseline,2131051.18,7727.19,0.003626
RRB-00206,commercial_real_estate,baseline,2077201.42,19066.63,0.009179
RRB-00207,commercial_real_estate,baseline,2044075.03,14294.22,0.006993
RRB-00208,commercial_real_estate,baseline,441506.15,1405.31,0.003183
RRB-00209,commercial_real_estate,baseline,1818588.88,7863.58,0.004324
RRB-00210,commercial_real_estate,baseline,660077.83,4895.14,0.007416
RRB-00211,commercial_real_estate,baseline,1515167.37,5642.48,0.003724
RRB-00212,commercial_real_estate,baseline,1919592.59,6770.4,0.003527
RRB-00213,commercial_real_estate,baseline,1706070.06,6817.46,0.003996
RRB-00214,commercial_real_estate,baseline,365276.65,2694.28,0.007376
RRB-00215,commercial_real_estate,baseline,1408869.49,3551.76,0.002521
RRB-00216,commercial_real_estate,baseline,583586.63,2391.54,0.004098
RRB-00217,commercial_real_estate,baseline,1864726.52,9116.65,0.004889
RRB-00218,commercial_real_estate,baseline,691951.13,2503.48,0.003618
RRB-00219,commercial_real_estate,baseline,651487.76,2943.42,0.004518
RRB-00220,commercial_real_estate,baseline,942732.59,3203.41,0.003398
RRB-00221,commercial_real_estate,baseline,1324730.52,6085.81,0.004594
RRB-00222,commercial_real_estate,baseline,2011081.5,6463.62,0.003214
RRB-00223,commercial_real_estate,baseline,598286.42,1735.03,0.0029
RRB-00224,commercial_real_estate,baseline,1888577.75,28670.5,0.015181
RRB-00225,commercial_real_estate,baseline,1070812.03,8510.81,0.007948
RRB-00226,commercial_real_estate,baseline,2188337.22,20738.87,0.009477
RRB-00227,commercial_real_estate,baseline,1490395.72,7559.29,0.005072
RRB-00228,commercial_real_estate,baseline,681234.28,2664.31,0.003911
RRB-00229,commercial_real_estate,baseline,1241130.3,6247.85,0.005034
RRB-00230,commercial_real_estate,baseline,1696859.32,7630.78,0.004497
RRB-00231,commercial_real_estate,baseline,1870840.76,9475.81,0.005065
RRB-00232,commercial_real_estate,baseline,1160907.22,3378.24,0.00291
RRB-00233,commercial_real_estate,baseline,986508.23,7558.63,0.007662
RRB-00234,commercial_real_estate,baseline,1685554.29,11038.7,0.006549
RRB-00235,commercial_real_estate,baseline,448128.31,2244.23,0.005008
RRB-00236,commercial_real_estate,baseline,1626231.35,13595.29,0.00836
RRB-00237,commercial_real_estate,baseline,1021956.68,5885.45,0.005759
RRB-00238,commercial_real_estate,baseline,1604998.96,10040.87,0.006256
RRB-00239,commercial_real_estate,baseline,420453.54,2634.14,0.006265
RRB-00240,commercial_real_estate,baseline,742135.19,4898.83,0.006601
RRB-00241,commercial_real_estate,baseline,812121.46,2935.01,0.003614
RRB-00242,commercial_real_estate,baseline,843395.89,13791.21,0.016352
RRB-00243,commercial_real_estate,baseline,2136563.1,6569.93,0.003075
RRB-00244,commercial_real_estate,baseline,1915313.62,53868.2,0.028125
RRB-00245,commercial_real_estate,baseline,419030.5,1913.29,0.004566
RRB-00246,commercial_real_estate,baseline,1375488.45,14709.47,0.010694
RRB-00247,commercial_real_estate,baseline,2104144.78,5533.9,0.00263
RRB-00248,commercial_real_estate,baseline,1830662.72,17891.07,0.009773
RRB-00249,commercial_real_estate,baseline,347083.19,2013.43,0.005801
RRB-00250,commercial_real_estate,baseline,1693279.31,9858.27,0.005822
RRB-00251,commercial_real_estate,baseline,1772212.01,5027.77,0.002837
RRB-00252,commercial_real_estate,baseline,2009272.16,5069.39,0.002523
RRB-00253,commercial_real_estate,baseline,1383955.42,8370.16,0.006048
RRB-00254,commercial_real_estate,baseline,1102513.04,5516.98,0.005004
RRB-00255,commercial_real_estate,baseline,608011.77,3120.32,0.005132
RRB-00256,commercial_real_estate,baseline,1409327.17,5769.79,0.004094
RRB-00257,commercial_real_estate,baseline,796103.21,3643.76,0.004577
RRB-00258,commercial_real_estate,baseline,811766.25,7621.67,0.009389
RRB-00259,commercial_real_estate,baseline,1284183.58,4959.52,0.003862
RRB-00260,commercial_real_estate,baseline,393237.53,1282.35,0.003261
RRB-00261,commercial_real_estate,baseline,1199385.14,6626.6,0.005525
RRB-00262,commercial_real_estate,baseline,740874.2,5952.92,0.008035
RRB-00263,commercial_real_estate,baseline,1151300.75,7727.53,0.006712
RRB-00264,commercial_real_estate,baseline,616407.99,2113.66,0.003429
RRB-00265,commercial_real_estate,baseline,1704423.48,10422.55,0.006115
RRB-00266,commercial_real_estate,baseline,1934316.96,13547.96,0.007004
RRB-00267,commercial_real_estate,baseline,1599845.14,17644.69,0.011029
RRB-00268,commercial_real_estate,baseline,1994060.93,4205.47,0.002109
RRB-00269,commercial_real_estate,baseline,1974620.36,6255.6,0.003168
RRB-00270,commercial_real_estate,baseline,1399000.18,2509.81,0.001794
RRB-00271,commercial_real_estate,baseline,1715355.08,6923.17,0.004036
RRB-00272,commercial_real_estate,baseline,528506.38,4499.17,0.008513
RRB-00273,commercial_real_estate,baseline,1333771.7,6110.01,0.004581
RRB-00274,commercial_real_estate,baseline,2135111.36,7724.83,0.003618
RRB-00275,commercial_real_estate,baseline,1702598.3,16762.08,0.009845
RRB-00276,commercial_real_estate,baseline,2140486.93,7194.18,0.003361
RRB-00277,commercial_real_estate,baseline,860312.14,3735.48,0.004342
RRB-00278,commercial_real_estate,baseline,537942.12,1729.48,0.003215
RRB-00279,commercial_real_estate,baseline,373535.92,4319.2,0.011563
RRB-00280,commercial_real_estate,baseline,289829.01,1415.81,0.004885
RRB-00281,commercial_real_estate,baseline,1404965.19,5213.83,0.003711
RRB-00282,commercial_real_estate,baseline,1624998.67,9922.24,0.006106
RRB-00283,commercial_real_estate,baseline,585707.21,1133.93,0.001936
RRB-00284,commercial_real_estate,baseline,2106500.01,9211.72,0.004373
RRB-00285,commercial_real_estate,baseline,797108.79,7621.95,0.009562
RRB-00286,commercial_real_estate,baseline,710968.79,5159.5,0.007257
RRB-00287,commercial_real_estate,baseline,1626218.38,11364.01,0.006988
RRB-00288,commercial_real_estate,baseline,300920.05,1450.13,0.004819
RRB-00289,commercial_real_estate,baseline,1156988.63,16592.37,0.014341
RRB-00290,commercial_real_estate,baseline,1554288.0,7171.48,0.004614
RRB-00291,commercial_real_estate,baseline,1342573.07,7992.34,0.005953
RRB-00292,commercial_real_estate,baseline,703661.3,2966.64,0.004216
RRB-00293,commercial_real_estate,baseline,1824667.38,14880.16,0.008155
RRB-00294,commercial_real_estate,baseline,1331785.03,13100.77,0.009837
RRB-00295,commercial_real_estate,baseline,1366971.05,9959.75,0.007286
RRB-00296,commercial_real_estate,baseline,1003680.44,4384.08,0.004368
RRB-00297,commercial_real_estate,baseline,2156818.53,4268.34,0.001979
RRB-00298,commercial_real_estate,baseline,362569.94,16422.61,0.045295
RRB-00299,commercial_real_estate,baseline,744351.2,5175.47,0.006953
RRB-00300,commercial_real_estate,baseline,1645077.62,13219.84,0.008036
RRB-00301,commercial_real_estate,baseline,844854.66,12633.96,0.014954
RRB-00302,commercial_real_estate,baseline,1721110.18,7271.69,0.004225
RRB-00303,commercial_real_estate,baseline,1706560.69,8114.7,0.004755
RRB-00304,commercial_real_estate,baseline,1056110.79,1460.6,0.001383
RRB-00305,commercial_real_estate,baseline,1891678.07,9312.73,0.004923
RRB-00306,commercial_real_estate,baseline,1603547.7,10065.47,0.006277
RRB-00307,commercial_real_estate,baseline,1562697.24,2815.98,0.001802
RRB-00308,commercial_real_estate,baseline,1312670.05,3843.5,0.002928
RRB-00309,commercial_real_estate,baseline,1359521.5,20645.69,0.015186
RRB-00310,commercial_real_estate,baseline,2045675.17,11643.98,0.005692
RRB-00311,commercial_real_estate,baseline,1868693.85,11004.74,0.005889
RRB-00312,commercial_real_estate,baseline,729620.57,3248.27,0.004452
RRB-00313,commercial_real_estate,baseline,1987757.06,5776.42,0.002906
RRB-00314,commercial_real_estate,baseline,1438176.06,3195.63,0.002222
RRB-00315,commercial_real_estate,baseline,1177643.52,6253.29,0.00531
RRB-00316,commercial_real_estate,baseline,1297738.4,7702.08,0.005935
RRB-00317,commercial_real_estate,baseline,1312296.69,10600.73,0.008078
RRB-00318,commercial_real_estate,baseline,1193034.23,9073.03,0.007605
RRB-00319,commercial_real_estate,baseline,2122986.13,10723.2,0.005051
RRB-00320,commercial_real_estate,baseline,1719768.28,17025.71,0.0099
RRB-00321,commercial_real_estate,baseline,459864.54,3005.21,0.006535
RRB-00322,commercial_real_estate,baseline,799552.07,3342.93,0.004181
RRB-00323,commercial_real_estate,baseline,965487.72,4655.58,0.004822
RRB-00324,commercial_real_estate,baseline,2162542.5,19609.94,0.009068
RRB-00325,commercial_and_industrial,baseline,1437281.24,5642.77,0.003926
RRB-00326,commercial_and_industrial,baseline,1032414.79,4069.78,0.003942
RRB-00327,commercial_and_industrial,baseline,750197.91,1226.57,0.001635
RRB-00328,commercial_and_industrial,baseline,217939.87,2502.6,0.011483
RRB-00329,commercial_and_industrial,baseline,1260372.46,5722.09,0.00454
RRB-00330,commercial_and_industrial,baseline,858517.91,10215.5,0.011899
RRB-00331,commercial_and_industrial,baseline,1743892.89,7627.79,0.004374
RRB-00332,commercial_and_industrial,baseline,1015304.44,7313.24,0.007203
RRB-00333,commercial_and_industrial,baseline,1248049.21,15259.9,0.012227
RRB-00334,commercial_and_industrial,baseline,393032.5,1787.51,0.004548
RRB-00335,commercial_and_industrial,baseline,1242245.31,10783.93,0.008681
RRB-00336,commercial_and_industrial,baseline,1446776.95,4822.11,0.003333
RRB-00337,commercial_and_industrial,baseline,1391286.51,13894.78,0.009987
RRB-00338,commercial_and_industrial,baseline,401021.13,4701.57,0.011724
RRB-00339,commercial_and_industrial,baseline,725741.5,1908.7,0.00263
RRB-00340,commercial_and_industrial,baseline,1287145.43,2896.08,0.00225
RRB-00341,commercial_and_industrial,baseline,691924.37,2719.26,0.00393
RRB-00342,commercial_and_industrial,baseline,1708705.6,26030.42,0.015234
RRB-00343,commercial_and_industrial,baseline,1005400.05,9630.73,0.009579
RRB-00344,commercial_and_industrial,baseline,674077.16,3091.32,0.004586
RRB-00345,commercial_and_industrial,baseline,1315914.93,26190.65,0.019903
RRB-00346,commercial_and_industrial,baseline,563610.21,2833.83,0.005028
RRB-00347,commercial_and_industrial,baseline,1268487.71,9219.37,0.007268
RRB-00348,commercial_and_industrial,baseline,1202515.59,8387.55,0.006975
RRB-00349,commercial_and_industrial,baseline,819808.13,9775.39,0.011924
RRB-00350,commercial_and_industrial,baseline,812214.47,11015.25,0.013562
RRB-00351,commercial_and_industrial,baseline,1623645.68,12021.47,0.007404
RRB-00352,commercial_and_industrial,baseline,1638006.31,3567.58,0.002178
RRB-00353,commercial_and_industrial,baseline,782140.81,6674.01,0.008533
RRB-00354,commercial_and_industrial,baseline,571630.25,2312.82,0.004046
RRB-00355,commercial_and_industrial,baseline,1244163.09,7148.96,0.005746
RRB-00356,commercial_and_industrial,baseline,735157.33,6993.55,0.009513
RRB-00357,commercial_and_industrial,baseline,1685696.47,7491.24,0.004444
RRB-00358,commercial_and_industrial,baseline,461668.01,3179.51,0.006887
RRB-00359,commercial_and_industrial,baseline,261049.02,1198.22,0.00459
RRB-00360,commercial_and_industrial,baseline,1485613.35,14269.32,0.009605
RRB-00361,commercial_and_industrial,baseline,916279.3,3664.2,0.003999
RRB-00362,commercial_and_industrial,baseline,472204.95,668.17,0.001415
RRB-00363,commercial_and_industrial,baseline,1069928.96,12060.24,0.011272
RRB-00364,commercial_and_industrial,baseline,930923.64,2478.12,0.002662
RRB-00365,commercial_and_industrial,baseline,254976.47,770.03,0.00302
RRB-00366,commercial_and_industrial,baseline,1220254.58,13765.69,0.011281
RRB-00367,commercial_and_industrial,baseline,362746.76,5561.27,0.015331
RRB-00368,commercial_and_industrial,baseline,605937.74,1338.52,0.002209
RRB-00369,commercial_and_industrial,baseline,657875.98,13804.21,0.020983
RRB-00370,commercial_and_industrial,baseline,1189680.99,10157.5,0.008538
RRB-00371,commercial_and_industrial,baseline,204089.26,1050.24,0.005146
RRB-00372,commercial_and_industrial,baseline,1697329.22,6672.2,0.003931
RRB-00373,commercial_and_industrial,baseline,1720214.4,12093.11,0.00703
RRB-00374,commercial_and_industrial,baseline,1092826.89,14834.03,0.013574
RRB-00375,commercial_and_industrial,baseline,1480046.9,6460.4,0.004365
RRB-00376,commercial_and_industrial,baseline,795606.3,5704.5,0.00717
RRB-00377,commercial_and_industrial,baseline,956166.0,6747.66,0.007057
RRB-00378,commercial_and_industrial,baseline,1371288.26,6857.81,0.005001
RRB-00379,commercial_and_industrial,baseline,1174147.29,4890.32,0.004165
RRB-00380,commercial_and_industrial,baseline,616156.99,3050.59,0.004951
RRB-00381,commercial_and_industrial,baseline,1297449.01,16072.8,0.012388
RRB-00382,commercial_and_industrial,baseline,1086869.56,6375.58,0.005866
RRB-00383,commercial_and_industrial,baseline,687921.5,17010.92,0.024728
RRB-00384,commercial_and_industrial,baseline,1220002.77,5779.15,0.004737
RRB-00385,commercial_and_industrial,baseline,1525849.92,11863.48,0.007775
RRB-00386,commercial_and_industrial,baseline,1354993.1,2516.22,0.001857
RRB-00387,commercial_and_industrial,baseline,850908.98,2539.11,0.002984
RRB-00388,commercial_and_industrial,baseline,842433.92,3323.4,0.003945
RRB-00389,commercial_and_industrial,baseline,1225799.64,6397.45,0.005219
RRB-00390,commercial_and_industrial,baseline,1663146.85,3673.89,0.002209
RRB-00391,commercial_and_industrial,baseline,1169707.62,12001.2,0.01026
RRB-00392,commercial_and_industrial,baseline,346492.08,765.75,0.00221
RRB-00393,commercial_and_industrial,baseline,1149221.47,5726.57,0.004983
RRB-00394,commercial_and_industrial,baseline,1681992.44,11673.03,0.00694
RRB-00395,commercial_and_industrial,baseline,997645.91,2709.61,0.002716
RRB-00396,commercial_and_industrial,baseline,1158458.19,16334.26,0.0141
RRB-00397,commercial_and_industrial,baseline,819240.05,6218.03,0.00759
RRB-00398,commercial_and_industrial,baseline,689405.07,2640.42,0.00383
RRB-00399,commercial_and_industrial,baseline,1262101.63,12275.2,0.009726
RRB-00400,commercial_and_industrial,baseline,1141721.82,7232.81,0.006335
RRB-00401,commercial_and_industrial,baseline,362752.17,1124.53,0.0031
RRB-00402,commercial_and_industrial,baseline,1028480.06,4485.2,0.004361
RRB-00403,commercial_and_industrial,baseline,1401644.04,25218.38,0.017992
RRB-00404,commercial_and_industrial,baseline,1550855.44,6901.31,0.00445
RRB-00405,commercial_and_industrial,baseline,1735625.92,11918.54,0.006867
RRB-00406,commercial_and_industrial,baseline,318839.09,2888.36,0.009059
RRB-00407,commercial_and_industrial,baseline,897158.69,1733.31,0.001932
RRB-00408,commercial_and_industrial,baseline,1310226.9,6501.35,0.004962
RRB-00409,commercial_and_industrial,baseline,398871.1,3543.97,0.008885
RRB-00410,commercial_and_industrial,baseline,308402.89,674.48,0.002187
RRB-00411,commercial_and_industrial,baseline,996770.67,4845.3,0.004861
RRB-00412,commercial_and_industrial,baseline,926281.43,3020.6,0.003261
RRB-00413,commercial_and_industrial,baseline,848828.54,3902.91,0.004598
RRB-00414,commercial_and_industrial,baseline,1667606.04,7894.45,0.004734
RRB-00415,commercial_and_industrial,baseline,1193872.39,2482.06,0.002079
RRB-00416,commercial_and_industrial,baseline,1230637.75,5972.29,0.004853
RRB-00417,commercial_and_industrial,baseline,445055.02,1758.41,0.003951
RRB-00418,commercial_and_industrial,baseline,221623.88,1500.39,0.00677
RRB-00419,commercial_and_industrial,baseline,1300665.92,9282.85,0.007137
RRB-00420,commercial_and_industrial,baseline,949462.84,8061.89,0.008491
RRB-00421,commercial_and_industrial,baseline,1553637.43,6472.45,0.004166
RRB-00422,commercial_and_industrial,baseline,918431.13,9209.11,0.010027
RRB-00423,commercial_and_industrial,baseline,1176428.67,3052.83,0.002595
RRB-00424,commercial_and_industrial,baseline,1323761.68,6642.64,0.005018
RRB-00425,commercial_and_industrial,baseline,1122897.72,4167.07,0.003711
RRB-00426,commercial_and_industrial,baseline,1357770.54,5838.41,0.0043
RRB-00427,commercial_and_industrial,baseline,301888.33,1606.05,0.00532
RRB-00428,commercial_and_industrial,baseline,226110.61,2270.38,0.010041
RRB-00429,commercial_and_industrial,baseline,237118.1,853.39,0.003599
RRB-00430,commercial_and_industrial,baseline,287457.1,1658.34,0.005769
RRB-00431,commercial_and_industrial,baseline,888055.53,5614.29,0.006322
RRB-00432,commercial_and_industrial,baseline,720857.57,10264.29,0.014239
RRB-00433,commercial_and_industrial,baseline,554555.8,4531.28,0.008171
RRB-00434,commercial_and_industrial,baseline,1329421.57,5521.09,0.004153
RRB-00435,commercial_and_industrial,baseline,1203950.97,2282.69,0.001896
RRB-00436,commercial_and_industrial,baseline,671885.1,6134.31,0.00913
RRB-00437,commercial_and_industrial,baseline,1499253.8,5811.11,0.003876
RRB-00438,commercial_and_industrial,baseline,1066271.8,2172.0,0.002037
RRB-00439,commercial_and_industrial,baseline,936745.32,15026.33,0.016041
RRB-00440,commercial_and_industrial,baseline,1592533.02,4989.41,0.003133
RRB-00441,commercial_and_industrial,baseline,1102237.84,4969.99,0.004509
RRB-00442,commercial_and_industrial,baseline,233546.54,355.92,0.001524
RRB-00443,commercial_and_industrial,baseline,668683.25,3536.0,0.005288
RRB-00444,commercial_and_industrial,baseline,1675234.37,11617.75,0.006935
RRB-00445,commercial_and_industrial,baseline,217106.97,841.72,0.003877
RRB-00446,commercial_and_industrial,baseline,1504378.67,13652.24,0.009075
RRB-00447,commercial_and_industrial,baseline,1103242.91,5947.58,0.005391
RRB-00448,commercial_and_industrial,baseline,1367621.15,9228.71,0.006748
RRB-00449,commercial_and_industrial,baseline,1380020.88,8012.4,0.005806
RRB-00450,commercial_and_industrial,baseline,1610345.47,11882.74,0.007379
RRB-00451,commercial_and_industrial,baseline,472776.78,1957.77,0.004141
RRB-00452,commercial_and_industrial,baseline,970536.18,1446.1,0.00149
RRB-00453,commercial_and_industrial,baseline,726640.5,6571.74,0.009044
RRB-00454,commercial_and_industrial,baseline,892712.39,3473.54,0.003891
RRB-00455,commercial_and_industrial,baseline,1520255.15,5627.98,0.003702
RRB-00456,commercial_and_industrial,baseline,875833.31,4368.66,0.004988
RRB-00457,commercial_and_industrial,baseline,277247.92,2600.59,0.00938
RRB-00458,commercial_and_industrial,baseline,1385890.93,12818.11,0.009249
RRB-00459,commercial_and_industrial,baseline,944970.62,8517.97,0.009014
RRB-00460,commercial_and_industrial,baseline,1023870.24,9172.85,0.008959
RRB-00461,commercial_and_industrial,baseline,205750.92,2438.77,0.011853
RRB-00462,commercial_and_industrial,baseline,525773.4,3495.87,0.006649
RRB-00463,commercial_and_industrial,baseline,524812.86,2870.73,0.00547
RRB-00464,commercial_and_industrial,baseline,1216685.69,24959.09,0.020514
RRB-00465,commercial_and_industrial,baseline,1458001.23,3596.89,0.002467
RRB-00466,commercial_and_industrial,baseline,383609.34,3888.65,0.010137
RRB-00467,commercial_and_industrial,baseline,676749.91,4669.57,0.0069
RRB-00468,commercial_and_industrial,baseline,1500248.71,6329.55,0.004219
RRB-00469,commercial_and_industrial,baseline,152820.7,384.34,0.002515
RRB-00470,commercial_and_industrial,baseline,155062.17,428.59,0.002764
RRB-00471,commercial_and_industrial,baseline,551322.86,8323.32,0.015097
RRB-00472,commercial_and_industrial,baseline,1275932.38,9051.46,0.007094
RRB-00473,commercial_and_industrial,baseline,229385.8,2061.03,0.008985
RRB-00474,commercial_and_industrial,baseline,1005756.6,4526.91,0.004501
RRB-00475,commercial_and_industrial,baseline,1235004.49,7146.97,0.005787
RRB-00476,commercial_and_industrial,baseline,971641.22,3151.03,0.003243
RRB-00477,commercial_and_industrial,baseline,1742457.15,24310.76,0.013952
RRB-00478,commercial_and_industrial,baseline,647811.27,2210.98,0.003413
RRB-00479,commercial_and_industrial,baseline,1149473.38,3142.66,0.002734
RRB-00480,commercial_and_industrial,baseline,258345.08,1000.83,0.003874
RRB-00481,commercial_and_industrial,baseline,1416312.8,24101.39,0.017017
RRB-00482,commercial_and_industrial,baseline,599036.42,5971.79,0.009969
RRB-00483,commercial_and_industrial,baseline,1071780.16,4242.11,0.003958
RRB-00484,commercial_and_industrial,baseline,125323.14,645.54,0.005151
RRB-00485,commercial_and_industrial,baseline,1037674.95,6464.71,0.00623
RRB-00486,commercial_and_industrial,baseline,1201994.06,17436.13,0.014506
RRB-00487,commercial_and_industrial,baseline,226554.08,3949.06,0.017431
RRB-00488,commercial_and_industrial,baseline,987221.21,2458.18,0.00249
RRB-00489,commercial_and_industrial,baseline,1369852.01,3235.59,0.002362
RRB-00490,commercial_and_industrial,baseline,1762841.99,5736.29,0.003254
RRB-00491,commercial_and_industrial,baseline,1160892.15,8079.81,0.00696
RRB-00492,commercial_and_industrial,baseline,1623444.26,7704.87,0.004746
RRB-00493,commercial_and_industrial,baseline,1290136.51,8197.53,0.006354
RRB-00494,commercial_and_industrial,baseline,221017.29,394.74,0.001786
RRB-00495,commercial_and_industrial,baseline,1678247.99,13446.12,0.008012
RRB-00496,commercial_and_industrial,baseline,456445.65,2395.43,0.005248
RRB-00497,commercial_and_industrial,baseline,566065.6,3510.74,0.006202
RRB-00498,commercial_and_industrial,baseline,647107.03,1583.47,0.002447
RRB-00499,commercial_and_industrial,baseline,308448.38,4034.81,0.013081
RRB-00500,commercial_and_industrial,baseline,1660934.49,3270.38,0.001969
RRB-00501,commercial_and_industrial,baseline,420271.42,2725.04,0.006484
RRB-00502,commercial_and_industrial,baseline,1524884.61,4065.34,0.002666
RRB-00503,commercial_and_industrial,baseline,313460.71,2546.24,0.008123
RRB-00504,commercial_and_industrial,baseline,974885.3,3550.53,0.003642
RRB-00505,commercial_and_industrial,baseline,1033179.52,7520.51,0.007279
RRB-00506,commercial_and_industrial,baseline,1157114.14,8256.01,0.007135
RRB-00507,commercial_and_industrial,baseline,666595.21,5068.79,0.007604
RRB-00508,commercial_and_industrial,baseline,1027679.32,6639.84,0.006461
RRB-00509,commercial_and_industrial,baseline,1608546.33,25921.72,0.016115
RRB-00510,commercial_and_industrial,baseline,1330766.73,12342.86,0.009275
RRB-00511,commercial_and_industrial,baseline,1031822.27,3445.25,0.003339
RRB-00512,commercial_and_industrial,baseline,1000591.47,11208.63,0.011202
RRB-00513,commercial_and_industrial,baseline,421293.61,1350.25,0.003205
RRB-00514,commercial_and_industrial,baseline,495502.05,701.14,0.001415
RRB-00515,commercial_and_industrial,baseline,1677957.35,6998.76,0.004171
RRB-00516,commercial_and_industrial,baseline,627271.61,6395.03,0.010195
RRB-00517,commercial_and_industrial,baseline,470959.71,4492.01,0.009538
RRB-00518,commercial_and_industrial,baseline,234062.25,818.28,0.003496
RRB-00519,commercial_and_industrial,baseline,527661.69,4944.19,0.00937
RRB-00520,commercial_and_industrial,baseline,1659718.38,6990.73,0.004212
RRB-00521,commercial_and_industrial,baseline,739960.4,1732.99,0.002342
RRB-00522,commercial_and_industrial,baseline,1251711.47,6841.85,0.005466
RRB-00523,commercial_and_industrial,baseline,1792983.94,16346.63,0.009117
RRB-00524,commercial_and_industrial,baseline,737978.82,3636.02,0.004927
RRB-00525,commercial_and_industrial,baseline,961547.12,9774.13,0.010165
RRB-00526,commercial_and_industrial,baseline,973203.63,2340.55,0.002405
RRB-00527,commercial_and_industrial,baseline,348176.13,4554.49,0.013081
RRB-00528,commercial_and_industrial,baseline,780389.27,4928.94,0.006316
RRB-00529,commercial_and_industrial,baseline,722816.41,1037.24,0.001435
RRB-00530,commercial_and_industrial,baseline,867217.23,11841.85,0.013655
RRB-00531,commercial_and_industrial,baseline,175925.77,2011.01,0.011431
RRB-00532,commercial_and_industrial,baseline,479263.04,13198.9,0.02754
RRB-00533,commercial_and_industrial,baseline,238550.27,627.39,0.00263
RRB-00534,commercial_and_industrial,baseline,1357092.22,5872.14,0.004327
RRB-00535,commercial_and_industrial,baseline,1170874.52,4608.56,0.003936
RRB-00536,commercial_and_industrial,baseline,1745547.98,14081.34,0.008067
RRB-00537,commercial_and_industrial,baseline,1318954.78,14177.44,0.010749
RRB-00538,commercial_and_industrial,baseline,572144.92,1825.71,0.003191
RRB-00539,commercial_and_industrial,baseline,590819.99,5823.12,0.009856
RRB-00540,commercial_and_industrial,baseline,1085944.89,4665.22,0.004296
RRB-00541,commercial_and_industrial,baseline,1442462.73,7052.2,0.004889
RRB-00542,commercial_and_industrial,baseline,461248.69,3525.78,0.007644
RRB-00543,commercial_and_industrial,baseline,1095396.97,11609.02,0.010598
RRB-00544,commercial_and_industrial,baseline,1224897.64,3128.39,0.002554
RRB-00545,commercial_and_industrial,baseline,1306972.4,3988.88,0.003052
RRB-00546,commercial_and_industrial,baseline,364256.2,619.24,0.0017
RRB-00547,commercial_and_industrial,baseline,794720.94,10813.77,0.013607
RRB-00548,commercial_and_industrial,baseline,1075129.96,2640.52,0.002456
RRB-00549,commercial_and_industrial,baseline,751347.41,5492.35,0.00731
RRB-00550,commercial_and_industrial,baseline,1339333.82,6549.34,0.00489
RRB-00551,commercial_and_industrial,baseline,1058906.26,8168.4,0.007714
RRB-00552,commercial_and_industrial,baseline,1224010.78,20207.19,0.016509
RRB-00553,commercial_and_industrial,baseline,1485861.17,15975.98,0.010752
RRB-00554,commercial_and_industrial,baseline,230743.22,1024.27,0.004439
RRB-00555,commercial_and_industrial,baseline,1695546.1,3876.02,0.002286
RRB-00556,commercial_and_industrial,baseline,1172273.49,4616.41,0.003938
RRB-00557,commercial_and_industrial,baseline,616422.41,4187.36,0.006793
RRB-00558,commercial_and_industrial,baseline,1127194.15,59796.52,0.053049
RRB-00559,commercial_and_industrial,baseline,818688.13,2920.26,0.003567
RRB-00560,commercial_and_industrial,baseline,389313.46,3030.03,0.007783
RRB-00561,commercial_and_industrial,baseline,221356.52,356.38,0.00161
RRB-00562,commercial_and_industrial,baseline,169277.91,1330.36,0.007859
RRB-00563,commercial_and_industrial,baseline,425604.48,1673.48,0.003932
RRB-00564,commercial_and_industrial,baseline,371610.98,1859.54,0.005004
RRB-00565,commercial_and_industrial,baseline,671158.97,2017.5,0.003006
RRB-00566,commercial_and_industrial,baseline,285288.49,546.33,0.001915
RRB-00567,commercial_and_industrial,baseline,802303.24,1529.19,0.001906
RRB-00568,commercial_and_industrial,baseline,217927.71,805.68,0.003697
RRB-00569,commercial_and_industrial,baseline,1362319.85,4155.08,0.00305
RRB-00570,commercial_and_industrial,baseline,902996.97,3340.19,0.003699
RRB-00571,commercial_and_industrial,baseline,1604039.55,14729.9,0.009183
RRB-00572,commercial_and_industrial,baseline,1320017.23,4142.21,0.003138
RRB-00573,commercial_and_industrial,baseline,857845.28,16960.46,0.019771
RRB-00574,commercial_and_industrial,baseline,951100.29,16501.59,0.01735
RRB-00575,commercial_and_industrial,baseline,1744465.33,11658.26,0.006683
RRB-00576,commercial_and_industrial,baseline,970744.61,6933.06,0.007142
RRB-00577,commercial_and_industrial,baseline,1196181.08,5956.98,0.00498
RRB-00578,commercial_and_industrial,baseline,434695.92,3138.5,0.00722
RRB-00579,commercial_and_industrial,baseline,805369.62,2320.27,0.002881
RRB-00580,commercial_and_industrial,baseline,433997.99,5044.36,0.011623
RRB-00581,commercial_and_industrial,baseline,376067.24,2481.29,0.006598
RRB-00582,commercial_and_industrial,baseline,1759048.21,7857.67,0.004467
RRB-00583,commercial_and_industrial,baseline,358442.75,605.77,0.00169
RRB-00584,commercial_and_industrial,baseline,1612015.97,11935.37,0.007404
RRB-00585,commercial_and_industrial,baseline,1773961.18,9590.03,0.005406
RRB-00586,commercial_and_industrial,baseline,1244089.36,1779.05,0.00143
RRB-00587,commercial_and_industrial,baseline,1039796.78,20726.27,0.019933
RRB-00588,commercial_and_industrial,baseline,1618880.66,5258.12,0.003248
RRB-00589,commercial_and_industrial,baseline,814629.54,8081.13,0.00992
RRB-00590,commercial_and_industrial,baseline,283731.81,2750.21,0.009693
RRB-00591,commercial_and_industrial,baseline,1645107.26,4083.16,0.002482
RRB-00592,commercial_and_industrial,baseline,1339125.39,8633.34,0.006447
RRB-00593,commercial_and_industrial,baseline,1089635.76,1553.82,0.001426
RRB-00594,commercial_and_industrial,baseline,1313177.96,15888.14,0.012099
RRB-00595,commercial_and_industrial,baseline,1405321.06,6449.02,0.004589
RRB-00596,commercial_and_industrial,baseline,529828.66,1631.34,0.003079
RRB-00597,commercial_and_industrial,baseline,767667.96,5564.06,0.007248
RRB-00598,commercial_and_industrial,baseline,252481.85,1087.69,0.004308
RRB-00599,commercial_and_industrial,baseline,1773678.75,26239.8,0.014794
RRB-00600,commercial_and_industrial,baseline,1652306.0,6546.44,0.003962
RRB-00601,commercial_and_industrial,baseline,1132050.76,4409.34,0.003895
RRB-00602,commercial_and_industrial,baseline,933386.34,4188.1,0.004487
RRB-00603,commercial_and_industrial,baseline,558003.28,6006.35,0.010764
RRB-00604,commercial_and_industrial,baseline,467223.9,3591.08,0.007686
RRB-00605,commercial_and_industrial,baseline,406148.44,902.87,0.002223
RRB-00606,commercial_and_industrial,baseline,1257911.11,22034.83,0.017517
RRB-00607,commercial_and_industrial,baseline,681515.15,2610.88,0.003831
RRB-00608,commercial_and_industrial,baseline,1103472.43,4001.19,0.003626
RRB-00609,commercial_and_industrial,baseline,906766.69,6065.36,0.006689
RRB-00610,commercial_and_industrial,baseline,604820.64,5965.95,0.009864
RRB-00611,commercial_and_industrial,baseline,1504479.48,14873.28,0.009886
RRB-00612,commercial_and_industrial,baseline,1521997.74,3910.01,0.002569
RRB-00613,commercial_and_industrial,baseline,604987.59,2542.16,0.004202
RRB-00614,commercial_and_industrial,baseline,1288319.31,8902.29,0.00691
RRB-00615,commercial_and_industrial,baseline,1504471.47,9906.94,0.006585
RRB-00616,commercial_and_industrial,baseline,1065819.94,3396.77,0.003187
RRB-00617,commercial_and_industrial,baseline,712484.91,5927.87,0.00832
RRB-00618,commercial_and_industrial,baseline,299852.64,1090.26,0.003636
RRB-00619,commercial_and_industrial,baseline,999422.84,7900.44,0.007905
RRB-00620,commercial_and_industrial,baseline,1549821.65,3418.91,0.002206
RRB-00621,commercial_and_industrial,baseline,1176283.08,12018.08,0.010217
RRB-00622,commercial_and_industrial,baseline,874849.22,2448.7,0.002799
RRB-00623,commercial_and_industrial,baseline,189351.32,283.27,0.001496
RRB-00624,commercial_and_industrial,baseline,426246.74,2823.46,0.006624
RRB-00625,residential_mortgage,baseline,149254.14,286.57,0.00192
RRB-00626,residential_mortgage,baseline,488503.48,8862.92,0.018143
RRB-00627,residential_mortgage,baseline,312857.54,280.32,0.000896
RRB-00628,residential_mortgage,baseline,462948.36,978.21,0.002113
RRB-00629,residential_mortgage,baseline,323023.48,391.83,0.001213
RRB-00630,residential_mortgage,baseline,521403.33,550.08,0.001055
RRB-00631,residential_mortgage,baseline,481685.42,407.99,0.000847
RRB-00632,residential_mortgage,baseline,482711.21,362.03,0.00075
RRB-00633,residential_mortgage,baseline,252557.13,889.76,0.003523
RRB-00634,residential_mortgage,baseline,531978.01,937.88,0.001763
RRB-00635,residential_mortgage,baseline,371874.85,558.18,0.001501
RRB-00636,residential_mortgage,baseline,361022.59,294.96,0.000817
RRB-00637,residential_mortgage,baseline,252612.64,385.99,0.001528
RRB-00638,residential_mortgage,baseline,315835.99,735.27,0.002328
RRB-00639,residential_mortgage,baseline,232397.41,208.23,0.000896
RRB-00640,residential_mortgage,baseline,277707.03,736.2,0.002651
RRB-00641,residential_mortgage,baseline,174865.4,312.48,0.001787
RRB-00642,residential_mortgage,baseline,493200.94,441.91,0.000896
RRB-00643,residential_mortgage,baseline,421480.09,644.02,0.001528
RRB-00644,residential_mortgage,baseline,246795.61,415.85,0.001685
RRB-00645,residential_mortgage,baseline,202708.47,293.72,0.001449
RRB-00646,residential_mortgage,baseline,439639.7,1205.49,0.002742
RRB-00647,residential_mortgage,baseline,387298.06,713.4,0.001842
RRB-00648,residential_mortgage,baseline,327340.86,1281.21,0.003914
RRB-00649,residential_mortgage,baseline,430508.43,1564.9,0.003635
RRB-00650,residential_mortgage,baseline,451498.85,1092.63,0.00242
RRB-00651,residential_mortgage,baseline,154657.0,175.38,0.001134
RRB-00652,residential_mortgage,baseline,152460.42,268.79,0.001763
RRB-00653,residential_mortgage,baseline,273401.08,612.42,0.00224
RRB-00654,residential_mortgage,baseline,216577.09,314.69,0.001453
RRB-00655,residential_mortgage,baseline,442322.13,571.48,0.001292
RRB-00656,residential_mortgage,baseline,402515.03,520.05,0.001292
RRB-00657,residential_mortgage,baseline,156443.88,419.11,0.002679
RRB-00658,residential_mortgage,baseline,259503.14,517.19,0.001993
RRB-00659,residential_mortgage,baseline,481834.66,1172.3,0.002433
RRB-00660,residential_mortgage,baseline,429092.77,931.56,0.002171
RRB-00661,residential_mortgage,baseline,488230.65,1494.47,0.003061
RRB-00662,residential_mortgage,baseline,501826.23,1115.06,0.002222
RRB-00663,residential_mortgage,baseline,220045.05,682.58,0.003102
RRB-00664,residential_mortgage,baseline,421065.84,1399.2,0.003323
RRB-00665,residential_mortgage,baseline,411455.81,531.6,0.001292
RRB-00666,residential_mortgage,baseline,378242.68,607.46,0.001606
RRB-00667,residential_mortgage,baseline,374408.95,502.83,0.001343
RRB-00668,residential_mortgage,baseline,240900.3,481.32,0.001998
RRB-00669,residential_mortgage,baseline,357081.64,519.91,0.001456
RRB-00670,residential_mortgage,baseline,359777.85,464.83,0.001292
RRB-00671,residential_mortgage,baseline,356741.49,1176.18,0.003297
RRB-00672,residential_mortgage,baseline,367994.95,1641.26,0.00446
RRB-00673,residential_mortgage,baseline,388409.14,1718.32,0.004424
RRB-00674,residential_mortgage,baseline,360561.4,764.39,0.00212
RRB-00675,residential_mortgage,baseline,442495.16,1725.29,0.003899
RRB-00676,residential_mortgage,baseline,348659.65,505.21,0.001449
RRB-00677,residential_mortgage,baseline,155443.68,368.87,0.002373
RRB-00678,residential_mortgage,baseline,106582.07,354.92,0.00333
RRB-00679,residential_mortgage,baseline,240095.28,779.83,0.003248
RRB-00680,residential_mortgage,baseline,504692.17,969.01,0.00192
RRB-00681,residential_mortgage,baseline,523311.28,1045.58,0.001998
RRB-00682,residential_mortgage,baseline,217279.43,383.06,0.001763
RRB-00683,residential_mortgage,baseline,139040.04,124.58,0.000896
RRB-00684,residential_mortgage,baseline,107195.95,188.99,0.001763
RRB-00685,residential_mortgage,baseline,486377.2,666.34,0.00137
RRB-00686,residential_mortgage,baseline,392567.71,522.12,0.00133
RRB-00687,residential_mortgage,baseline,428412.2,654.61,0.001528
RRB-00688,residential_mortgage,baseline,188558.15,823.81,0.004369
RRB-00689,residential_mortgage,baseline,507979.17,1010.88,0.00199
RRB-00690,residential_mortgage,baseline,283516.87,436.05,0.001538
RRB-00691,residential_mortgage,baseline,180620.33,233.36,0.001292
RRB-00692,residential_mortgage,baseline,222892.31,334.12,0.001499
RRB-00693,residential_mortgage,baseline,313751.07,1005.57,0.003205
RRB-00694,residential_mortgage,baseline,135908.09,501.91,0.003693
RRB-00695,residential_mortgage,baseline,318537.4,576.23,0.001809
RRB-00696,residential_mortgage,baseline,193068.44,608.17,0.00315
RRB-00697,residential_mortgage,baseline,225870.93,554.96,0.002457
RRB-00698,residential_mortgage,baseline,442205.76,571.33,0.001292
RRB-00699,residential_mortgage,baseline,104581.35,106.88,0.001022
RRB-00700,residential_mortgage,baseline,294893.71,334.41,0.001134
RRB-00701,residential_mortgage,baseline,526753.42,638.95,0.001213
RRB-00702,residential_mortgage,baseline,170400.91,273.66,0.001606
RRB-00703,residential_mortgage,baseline,272242.88,479.96,0.001763
RRB-00704,residential_mortgage,baseline,150127.87,288.25,0.00192
RRB-00705,residential_mortgage,baseline,97673.59,184.51,0.001889
RRB-00706,residential_mortgage,baseline,143803.32,217.72,0.001514
RRB-00707,residential_mortgage,baseline,302220.87,1052.33,0.003482
RRB-00708,residential_mortgage,baseline,170915.07,274.49,0.001606
RRB-00709,residential_mortgage,baseline,151487.95,377.96,0.002495
RRB-00710,residential_mortgage,baseline,188824.63,696.39,0.003688
RRB-00711,residential_mortgage,baseline,173992.99,360.34,0.002071
RRB-00712,residential_mortgage,baseline,500031.88,2354.15,0.004708
RRB-00713,residential_mortgage,baseline,205409.65,1034.85,0.005038
RRB-00714,residential_mortgage,baseline,486292.26,679.35,0.001397
RRB-00715,residential_mortgage,baseline,282139.21,910.18,0.003226
RRB-00716,residential_mortgage,baseline,510906.82,820.52,0.001606
RRB-00717,residential_mortgage,baseline,516983.86,1670.89,0.003232
RRB-00718,residential_mortgage,baseline,257757.61,512.94,0.00199
RRB-00719,residential_mortgage,baseline,134242.28,205.12,0.001528
RRB-00720,residential_mortgage,baseline,353889.57,596.3,0.001685
RRB-00721,residential_mortgage,baseline,202527.34,309.46,0.001528
RRB-00722,residential_mortgage,baseline,276932.77,1248.69,0.004509
RRB-00723,residential_mortgage,baseline,473828.68,782.76,0.001652
RRB-00724,residential_mortgage,baseline,418586.12,2583.93,0.006173
RRB-00725,residential_mortgage,baseline,409659.66,399.83,0.000976
RRB-00726,residential_mortgage,baseline,282794.29,1286.71,0.00455
RRB-00727,residential_mortgage,baseline,315434.16,410.7,0.001302
RRB-00728,residential_mortgage,baseline,213170.86,368.15,0.001727
RRB-00729,residential_mortgage,baseline,381560.09,985.95,0.002584
RRB-00730,residential_mortgage,baseline,469901.6,947.79,0.002017
RRB-00731,residential_mortgage,baseline,154898.8,927.69,0.005989
RRB-00732,residential_mortgage,baseline,257168.97,251.0,0.000976
RRB-00733,residential_mortgage,baseline,375423.46,366.41,0.000976
RRB-00734,residential_mortgage,baseline,152782.56,293.34,0.00192
RRB-00735,residential_mortgage,baseline,107022.41,78.98,0.000738
RRB-00736,residential_mortgage,baseline,389867.13,472.91,0.001213
RRB-00737,residential_mortgage,baseline,377342.83,935.06,0.002478
RRB-00738,residential_mortgage,baseline,525219.17,1626.08,0.003096
RRB-00739,residential_mortgage,baseline,397793.73,670.28,0.001685
RRB-00740,residential_mortgage,baseline,234441.04,607.91,0.002593
RRB-00741,residential_mortgage,baseline,138500.81,135.18,0.000976
RRB-00742,residential_mortgage,baseline,486786.72,1366.9,0.002808
RRB-00743,residential_mortgage,baseline,250851.96,1507.62,0.00601
RRB-00744,residential_mortgage,baseline,380224.54,2388.95,0.006283
RRB-00745,residential_mortgage,baseline,102410.5,516.15,0.00504
RRB-00746,residential_mortgage,baseline,445108.7,1234.73,0.002774
RRB-00747,residential_mortgage,baseline,306960.6,565.42,0.001842
RRB-00748,residential_mortgage,baseline,445437.21,469.94,0.001055
RRB-00749,residential_mortgage,baseline,98315.87,317.36,0.003228
RRB-00750,residential_mortgage,baseline,424534.66,1105.49,0.002604
RRB-00751,residential_mortgage,baseline,255282.41,430.15,0.001685
RRB-00752,residential_mortgage,baseline,319588.01,992.96,0.003107
RRB-00753,residential_mortgage,baseline,165679.2,187.88,0.001134
RRB-00754,residential_mortgage,baseline,405887.27,730.6,0.0018
RRB-00755,residential_mortgage,baseline,169382.86,352.32,0.00208
RRB-00756,residential_mortgage,baseline,311603.12,943.85,0.003029
RRB-00757,residential_mortgage,baseline,330217.63,376.45,0.00114
RRB-00758,residential_mortgage,baseline,489823.36,2119.96,0.004328
RRB-00759,residential_mortgage,baseline,504120.3,1515.39,0.003006
RRB-00760,residential_mortgage,baseline,257759.28,713.74,0.002769
RRB-00761,residential_mortgage,baseline,419740.21,1312.11,0.003126
RRB-00762,residential_mortgage,baseline,534784.45,732.65,0.00137
RRB-00763,residential_mortgage,baseline,445905.67,577.0,0.001294
RRB-00764,residential_mortgage,baseline,420834.08,975.07,0.002317
RRB-00765,residential_mortgage,baseline,315383.65,630.14,0.001998
RRB-00766,residential_mortgage,baseline,323416.17,543.99,0.001682
RRB-00767,residential_mortgage,baseline,282172.44,365.98,0.001297
RRB-00768,residential_mortgage,baseline,284737.31,232.63,0.000817
RRB-00769,residential_mortgage,baseline,202897.62,309.01,0.001523
RRB-00770,residential_mortgage,baseline,324948.03,860.14,0.002647
RRB-00771,residential_mortgage,baseline,310906.78,918.73,0.002955
RRB-00772,residential_mortgage,baseline,501499.66,845.03,0.001685
RRB-00773,residential_mortgage,baseline,162921.14,120.24,0.000738
RRB-00774,residential_mortgage,baseline,239271.01,819.5,0.003425
RRB-00775,residential_mortgage,baseline,132621.27,274.66,0.002071
RRB-00776,residential_mortgage,baseline,224599.23,325.44,0.001449
RRB-00777,residential_mortgage,baseline,494146.26,987.3,0.001998
RRB-00778,residential_mortgage,baseline,429520.35,1148.54,0.002674
RRB-00779,residential_mortgage,baseline,350199.42,794.6,0.002269
RRB-00780,residential_mortgage,baseline,463960.3,1689.28,0.003641
RRB-00781,residential_mortgage,baseline,465915.76,343.85,0.000738
RRB-00782,residential_mortgage,baseline,338527.85,1376.45,0.004066
RRB-00783,residential_mortgage,baseline,243279.73,179.54,0.000738
RRB-00784,residential_mortgage,baseline,479653.69,2288.91,0.004772
RRB-00785,residential_mortgage,baseline,430584.15,793.14,0.001842
RRB-00786,residential_mortgage,baseline,162917.84,223.2,0.00137
RRB-00787,residential_mortgage,baseline,511014.01,2417.1,0.00473
RRB-00788,residential_mortgage,baseline,355078.39,741.05,0.002087
RRB-00789,residential_mortgage,baseline,218237.94,283.93,0.001301
RRB-00790,residential_mortgage,baseline,494148.56,725.41,0.001468
RRB-00791,residential_mortgage,baseline,478805.4,3781.13,0.007897
RRB-00792,residential_mortgage,baseline,233464.34,467.63,0.002003
RRB-00793,residential_mortgage,baseline,227011.98,1054.92,0.004647
RRB-00794,residential_mortgage,baseline,325195.01,965.5,0.002969
RRB-00795,residential_mortgage,baseline,480471.12,354.59,0.000738
RRB-00796,residential_mortgage,baseline,207435.27,268.01,0.001292
RRB-00797,residential_mortgage,baseline,530823.98,1165.69,0.002196
RRB-00798,residential_mortgage,baseline,286262.61,414.79,0.001449
RRB-00799,residential_mortgage,baseline,419655.76,838.47,0.001998
RRB-00800,residential_mortgage,baseline,191702.4,307.87,0.001606
RRB-00801,residential_mortgage,baseline,396134.16,480.51,0.001213
RRB-00802,residential_mortgage,baseline,193866.62,422.24,0.002178
RRB-00803,residential_mortgage,baseline,434868.56,2196.96,0.005052
RRB-00804,residential_mortgage,baseline,408175.66,301.23,0.000738
RRB-00805,residential_mortgage,baseline,274356.79,1115.81,0.004067
RRB-00806,residential_mortgage,baseline,300981.88,554.41,0.001842
RRB-00807,residential_mortgage,baseline,415864.5,795.55,0.001913
RRB-00808,residential_mortgage,baseline,202752.48,357.45,0.001763
RRB-00809,residential_mortgage,baseline,210429.28,767.65,0.003648
RRB-00810,residential_mortgage,baseline,256094.52,391.31,0.001528
RRB-00811,residential_mortgage,baseline,135812.77,707.04,0.005206
RRB-00812,residential_mortgage,baseline,422298.06,727.2,0.001722
RRB-00813,residential_mortgage,baseline,401851.74,740.21,0.001842
RRB-00814,residential_mortgage,baseline,217454.77,229.41,0.001055
RRB-00815,residential_mortgage,baseline,312291.58,230.47,0.000738
RRB-00816,residential_mortgage,baseline,423110.85,2543.32,0.006011
RRB-00817,residential_mortgage,baseline,399077.2,964.97,0.002418
RRB-00818,residential_mortgage,baseline,141925.81,160.94,0.001134
RRB-00819,residential_mortgage,baseline,175364.18,254.1,0.001449
RRB-00820,residential_mortgage,baseline,184139.08,520.93,0.002829
RRB-00821,residential_mortgage,baseline,449688.91,792.8,0.001763
RRB-00822,residential_mortgage,baseline,397418.34,742.77,0.001869
RRB-00823,residential_mortgage,baseline,347746.61,548.4,0.001577
RRB-00824,residential_mortgage,baseline,220783.03,498.31,0.002257
RRB-00825,residential_mortgage,baseline,285260.05,520.03,0.001823
RRB-00826,residential_mortgage,baseline,174210.43,223.34,0.001282
RRB-00827,residential_mortgage,baseline,500381.53,1049.8,0.002098
RRB-00828,residential_mortgage,baseline,213345.83,488.56,0.00229
RRB-00829,residential_mortgage,baseline,406015.06,811.22,0.001998
RRB-00830,residential_mortgage,baseline,338753.81,330.62,0.000976
RRB-00831,residential_mortgage,baseline,248069.57,379.05,0.001528
RRB-00832,residential_mortgage,baseline,282747.45,723.55,0.002559
RRB-00833,residential_mortgage,baseline,247806.93,378.65,0.001528
RRB-00834,residential_mortgage,baseline,509039.41,697.38,0.00137
RRB-00835,residential_mortgage,baseline,148770.96,297.24,0.001998
RRB-00836,residential_mortgage,baseline,157012.33,165.65,0.001055
RRB-00837,residential_mortgage,baseline,457377.01,2448.8,0.005354
RRB-00838,residential_mortgage,baseline,198233.83,334.02,0.001685
RRB-00839,residential_mortgage,baseline,300304.25,600.01,0.001998
RRB-00840,residential_mortgage,baseline,199909.71,446.4,0.002233
RRB-00841,residential_mortgage,baseline,339092.96,561.2,0.001655
RRB-00842,residential_mortgage,baseline,377849.02,636.68,0.001685
RRB-00843,residential_mortgage,baseline,349340.6,626.37,0.001793
RRB-00844,residential_mortgage,baseline,469928.98,2455.38,0.005225
RRB-00845,residential_mortgage,baseline,345039.06,904.0,0.00262
RRB-00846,residential_mortgage,baseline,95646.05,168.62,0.001763
RRB-00847,residential_mortgage,baseline,194924.65,492.77,0.002528
RRB-00848,residential_mortgage,baseline,111967.59,362.22,0.003235
RRB-00849,residential_mortgage,baseline,104801.53,115.81,0.001105
RRB-00850,residential_mortgage,baseline,130979.49,261.7,0.001998
RRB-00851,residential_mortgage,baseline,239501.02,478.52,0.001998
RRB-00852,residential_mortgage,baseline,234149.12,412.8,0.001763
RRB-00853,residential_mortgage,baseline,111745.1,197.01,0.001763
RRB-00854,residential_mortgage,baseline,243218.88,1047.06,0.004305
RRB-00855,residential_mortgage,baseline,283809.27,544.91,0.00192
RRB-00856,residential_mortgage,baseline,346921.63,1148.31,0.00331
RRB-00857,residential_mortgage,baseline,375632.77,662.24,0.001763
RRB-00858,residential_mortgage,baseline,142038.91,374.27,0.002635
RRB-00859,residential_mortgage,baseline,242609.94,382.11,0.001575
RRB-00860,residential_mortgage,baseline,138641.98,211.84,0.001528
RRB-00861,residential_mortgage,baseline,208134.18,467.26,0.002245
RRB-00862,residential_mortgage,baseline,469646.52,619.46,0.001319
RRB-00863,residential_mortgage,baseline,216633.41,582.96,0.002691
RRB-00864,residential_mortgage,baseline,312438.64,702.36,0.002248
RRB-00865,residential_mortgage,baseline,168454.26,164.07,0.000974
RRB-00866,residential_mortgage,baseline,484662.56,2051.09,0.004232
RRB-00867,residential_mortgage,baseline,295375.78,670.5,0.00227
RRB-00868,residential_mortgage,baseline,356051.62,319.02,0.000896
RRB-00869,residential_mortgage,baseline,432232.67,745.6,0.001725
RRB-00870,residential_mortgage,baseline,377691.99,2005.92,0.005311
RRB-00871,residential_mortgage,baseline,397516.95,2304.01,0.005796
RRB-00872,residential_mortgage,baseline,136639.61,165.74,0.001213
RRB-00873,residential_mortgage,baseline,168117.86,655.49,0.003899
RRB-00874,residential_mortgage,baseline,496118.81,1057.23,0.002131
RRB-00875,residential_mortgage,baseline,378144.44,458.69,0.001213
RRB-00876,residential_mortgage,baseline,486827.72,767.73,0.001577
RRB-00877,residential_mortgage,baseline,290619.77,398.15,0.00137
RRB-00878,residential_mortgage,baseline,488972.06,1007.77,0.002061
RRB-00879,residential_mortgage,baseline,532075.35,3819.77,0.007179
RRB-00880,residential_mortgage,baseline,292680.75,832.68,0.002845
RRB-00881,residential_mortgage,baseline,462691.49,568.19,0.001228
RRB-00882,residential_mortgage,baseline,471481.35,1550.23,0.003288
RRB-00883,residential_mortgage,baseline,423364.62,465.7,0.0011
RRB-00884,residential_mortgage,baseline,230323.8,453.74,0.00197
RRB-00885,residential_mortgage,baseline,351775.64,647.97,0.001842
RRB-00886,residential_mortgage,baseline,500837.04,695.66,0.001389
RRB-00887,residential_mortgage,baseline,470714.26,1738.82,0.003694
RRB-00888,residential_mortgage,baseline,404391.97,686.66,0.001698
RRB-00889,residential_mortgage,baseline,115071.32,237.97,0.002068
RRB-00890,residential_mortgage,baseline,109686.24,263.58,0.002403
RRB-00891,residential_mortgage,baseline,405772.53,838.73,0.002067
RRB-00892,residential_mortgage,baseline,268001.61,571.92,0.002134
RRB-00893,residential_mortgage,baseline,515895.71,950.28,0.001842
RRB-00894,residential_mortgage,baseline,533480.9,2017.09,0.003781
RRB-00895,residential_mortgage,baseline,317367.51,284.36,0.000896
RRB-00896,residential_mortgage,baseline,172335.15,496.67,0.002882
RRB-00897,residential_mortgage,baseline,332260.59,708.71,0.002133
RRB-00898,residential_mortgage,baseline,255088.77,380.85,0.001493
RRB-00899,residential_mortgage,baseline,215218.25,821.27,0.003816
RRB-00900,residential_mortgage,baseline,408282.23,1199.94,0.002939
RRB-00901,residential_mortgage,baseline,208657.53,285.86,0.00137
RRB-00902,residential_mortgage,baseline,238743.76,523.8,0.002194
RRB-00903,residential_mortgage,baseline,166988.7,215.75,0.001292
RRB-00904,residential_mortgage,baseline,129454.86,187.58,0.001449
RRB-00905,residential_mortgage,baseline,237299.87,376.59,0.001587
RRB-00906,residential_mortgage,baseline,215095.96,160.46,0.000746
RRB-00907,residential_mortgage,baseline,226299.72,416.84,0.001842
RRB-00908,residential_mortgage,baseline,135845.66,250.23,0.001842
RRB-00909,residential_mortgage,baseline,359005.14,1329.4,0.003703
RRB-00910,residential_mortgage,baseline,363459.86,443.78,0.001221
RRB-00911,residential_mortgage,baseline,187311.52,649.97,0.00347
RRB-00912,residential_mortgage,baseline,475247.13,709.07,0.001492
RRB-00913,residential_mortgage,baseline,305380.07,1043.18,0.003416
RRB-00914,residential_mortgage,baseline,137143.19,374.95,0.002734
RRB-00915,residential_mortgage,baseline,232703.66,428.64,0.001842
RRB-00916,residential_mortgage,baseline,446193.37,891.49,0.001998
RRB-00917,residential_mortgage,baseline,301957.18,776.03,0.00257
RRB-00918,residential_mortgage,baseline,106354.7,78.49,0.000738
RRB-00919,residential_mortgage,baseline,106181.24,354.65,0.00334
RRB-00920,residential_mortgage,baseline,360739.85,1034.24,0.002867
RRB-00921,residential_mortgage,baseline,163258.4,601.77,0.003686
RRB-00922,residential_mortgage,baseline,206598.55,572.07,0.002769
RRB-00923,residential_mortgage,baseline,390756.68,585.35,0.001498
RRB-00924,residential_mortgage,baseline,224527.78,378.33,0.001685
RRB-00925,residential_mortgage,baseline,174148.61,347.95,0.001998
RRB-00926,residential_mortgage,baseline,533824.01,912.31,0.001709
RRB-00927,residential_mortgage,baseline,341970.79,691.46,0.002022
RRB-00928,residential_mortgage,baseline,418530.5,408.49,0.000976
RRB-00929,residential_mortgage,baseline,364276.8,413.09,0.001134
RRB-00930,residential_mortgage,baseline,182361.08,264.24,0.001449
RRB-00931,residential_mortgage,baseline,189838.26,364.49,0.00192
RRB-00932,residential_mortgage,baseline,127983.6,235.75,0.001842
RRB-00933,residential_mortgage,baseline,504163.72,730.53,0.001449
RRB-00934,residential_mortgage,baseline,421172.58,412.33,0.000979
RRB-00935,residential_mortgage,baseline,527950.87,847.89,0.001606
RRB-00936,residential_mortgage,baseline,517025.93,2010.2,0.003888
RRB-00937,residential_mortgage,baseline,348111.15,934.33,0.002684
RRB-00938,residential_mortgage,baseline,262153.33,894.21,0.003411
RRB-00939,residential_mortgage,baseline,429090.32,1444.75,0.003367
RRB-00940,residential_mortgage,baseline,275449.46,1175.62,0.004268
RRB-00941,residential_mortgage,baseline,205844.25,217.17,0.001055
RRB-00942,residential_mortgage,baseline,384303.31,313.98,0.000817
RRB-00943,residential_mortgage,baseline,356022.81,459.98,0.001292
RRB-00944,residential_mortgage,baseline,363553.85,440.99,0.001213
RRB-00945,residential_mortgage,baseline,289388.76,432.93,0.001496
RRB-00946,residential_mortgage,baseline,154788.91,199.99,0.001292
RRB-00947,residential_mortgage,baseline,485158.18,1062.98,0.002191
RRB-00948,residential_mortgage,baseline,341996.31,656.63,0.00192
RRB-00949,residential_mortgage,baseline,490979.61,978.03,0.001992
RRB-00950,residential_mortgage,baseline,374966.68,2535.15,0.006761
RRB-00951,residential_mortgage,baseline,463924.32,635.58,0.00137
RRB-00952,residential_mortgage,baseline,407618.97,300.82,0.000738
RRB-00953,residential_mortgage,baseline,167877.82,443.53,0.002642
RRB-00954,residential_mortgage,baseline,217195.88,331.88,0.001528
RRB-00955,residential_mortgage,baseline,399692.98,673.48,0.001685
RRB-00956,residential_mortgage,baseline,241417.71,649.66,0.002691
RRB-00957,residential_mortgage,baseline,242133.29,1356.19,0.005601
RRB-00958,residential_mortgage,baseline,274551.99,720.15,0.002623
RRB-00959,residential_mortgage,baseline,268388.31,676.88,0.002522
RRB-00960,residential_mortgage,baseline,422324.5,2094.73,0.00496
RRB-00961,consumer_unsecured,baseline,17512.36,299.9,0.017125
RRB-00962,consumer_unsecured,baseline,5358.32,67.64,0.012624
RRB-00963,consumer_unsecured,baseline,9439.96,264.19,0.027986
RRB-00964,consumer_unsecured,baseline,27660.63,2798.01,0.101155
RRB-00965,consumer_unsecured,baseline,8219.18,105.12,0.01279
RRB-00966,consumer_unsecured,baseline,7006.76,75.7,0.010804
RRB-00967,consumer_unsecured,baseline,15239.67,380.82,0.024989
RRB-00968,consumer_unsecured,baseline,24377.1,511.02,0.020963
RRB-00969,consumer_unsecured,baseline,24127.77,1321.96,0.05479
RRB-00970,consumer_unsecured,baseline,3458.37,60.13,0.017386
RRB-00971,consumer_unsecured,baseline,18301.84,250.22,0.013672
RRB-00972,consumer_unsecured,baseline,14085.79,565.11,0.040119
RRB-00973,consumer_unsecured,baseline,17689.97,229.6,0.012979
RRB-00974,consumer_unsecured,baseline,28420.95,426.17,0.014995
RRB-00975,consumer_unsecured,baseline,25158.03,870.32,0.034594
RRB-00976,consumer_unsecured,baseline,22448.72,302.05,0.013455
RRB-00977,consumer_unsecured,baseline,18206.16,246.27,0.013527
RRB-00978,consumer_unsecured,baseline,29133.91,1370.84,0.047053
RRB-00979,consumer_unsecured,baseline,20729.53,123.55,0.00596
RRB-00980,consumer_unsecured,baseline,6423.45,58.63,0.009127
RRB-00981,consumer_unsecured,baseline,28769.13,2459.73,0.085499
RRB-00982,consumer_unsecured,baseline,21483.35,358.28,0.016677
RRB-00983,consumer_unsecured,baseline,8056.62,116.96,0.014517
RRB-00984,consumer_unsecured,baseline,12755.43,480.14,0.037642
RRB-00985,consumer_unsecured,baseline,25282.07,883.91,0.034962
RRB-00986,consumer_unsecured,baseline,13789.04,191.17,0.013864
RRB-00987,consumer_unsecured,baseline,29849.96,1502.02,0.050319
RRB-00988,consumer_unsecured,baseline,22396.81,410.49,0.018328
RRB-00989,consumer_unsecured,baseline,11623.03,498.14,0.042858
RRB-00990,consumer_unsecured,baseline,7816.76,112.47,0.014388
RRB-00991,consumer_unsecured,baseline,29129.76,319.58,0.010971
RRB-00992,consumer_unsecured,baseline,8995.61,282.97,0.031456
RRB-00993,consumer_unsecured,baseline,21860.03,178.03,0.008144
RRB-00994,consumer_unsecured,baseline,6180.4,187.29,0.030304
RRB-00995,consumer_unsecured,baseline,4909.51,33.29,0.00678
RRB-00996,consumer_unsecured,baseline,28964.78,851.01,0.029381
RRB-00997,consumer_unsecured,baseline,28905.38,1584.16,0.054805
RRB-00998,consumer_unsecured,baseline,12502.63,229.66,0.018369
RRB-00999,consumer_unsecured,baseline,16094.85,271.17,0.016848
RRB-01000,consumer_unsecured,baseline,24806.78,217.13,0.008753
RRB-01001,consumer_unsecured,baseline,3625.16,78.02,0.021522
RRB-01002,consumer_unsecured,baseline,22832.43,545.24,0.02388
RRB-01003,consumer_unsecured,baseline,7449.29,344.95,0.046307
RRB-01004,consumer_unsecured,baseline,27474.8,1902.79,0.069256
RRB-01005,consumer_unsecured,baseline,8681.48,181.76,0.020937
RRB-01006,consumer_unsecured,baseline,3745.57,47.74,0.012747
RRB-01007,consumer_unsecured,baseline,26016.91,1060.94,0.040779
RRB-01008,consumer_unsecured,baseline,25490.62,417.46,0.016377
RRB-01009,consumer_unsecured,baseline,26252.55,1069.71,0.040747
RRB-01010,consumer_unsecured,baseline,25921.28,423.29,0.01633
RRB-01011,consumer_unsecured,baseline,12739.61,236.56,0.018569
RRB-01012,consumer_unsecured,baseline,28279.0,306.35,0.010833
RRB-01013,consumer_unsecured,baseline,30666.15,717.8,0.023407
RRB-01014,consumer_unsecured,baseline,3648.17,81.56,0.022356
RRB-01015,consumer_unsecured,baseline,20090.75,336.5,0.016749
RRB-01016,consumer_unsecured,baseline,28357.19,375.82,0.013253
RRB-01017,consumer_unsecured,baseline,20374.17,315.96,0.015508
RRB-01018,consumer_unsecured,baseline,4784.94,162.45,0.033951
RRB-01019,consumer_unsecured,baseline,20866.89,2689.07,0.128868
RRB-01020,consumer_unsecured,baseline,22371.29,431.21,0.019275
RRB-01021,consumer_unsecured,baseline,26472.36,751.42,0.028385
RRB-01022,consumer_unsecured,baseline,9278.38,185.29,0.01997
RRB-01023,consumer_unsecured,baseline,4989.53,97.41,0.019522
RRB-01024,consumer_unsecured,baseline,12882.66,203.39,0.015788
RRB-01025,consumer_unsecured,baseline,16156.83,220.64,0.013656
RRB-01026,consumer_unsecured,baseline,23087.61,849.07,0.036776
RRB-01027,consumer_unsecured,baseline,10306.62,147.89,0.014349
RRB-01028,consumer_unsecured,baseline,7848.74,230.93,0.029422
RRB-01029,consumer_unsecured,baseline,12313.31,194.37,0.015785
RRB-01030,consumer_unsecured,baseline,13303.46,210.09,0.015792
RRB-01031,consumer_unsecured,baseline,4882.93,77.3,0.01583
RRB-01032,consumer_unsecured,baseline,3207.61,58.97,0.018383
RRB-01033,consumer_unsecured,baseline,16281.77,457.0,0.028068
RRB-01034,consumer_unsecured,baseline,2953.96,72.78,0.024637
RRB-01035,consumer_unsecured,baseline,29161.09,1472.14,0.050483
RRB-01036,consumer_unsecured,baseline,15053.94,81.56,0.005418
RRB-01037,consumer_unsecured,baseline,23252.17,104.73,0.004504
RRB-01038,consumer_unsecured,baseline,19717.39,540.83,0.027429
RRB-01039,consumer_unsecured,baseline,13368.43,504.02,0.037702
RRB-01040,consumer_unsecured,baseline,31640.96,240.63,0.007605
RRB-01041,consumer_unsecured,baseline,6815.34,272.53,0.039987
RRB-01042,consumer_unsecured,baseline,25429.47,516.9,0.020327
RRB-01043,consumer_unsecured,baseline,11043.64,208.0,0.018834
RRB-01044,consumer_unsecured,baseline,2834.57,67.37,0.023767
RRB-01045,consumer_unsecured,baseline,26225.55,1196.44,0.045621
RRB-01046,consumer_unsecured,baseline,28004.45,1134.99,0.040529
RRB-01047,consumer_unsecured,baseline,29011.47,737.33,0.025415
RRB-01048,consumer_unsecured,baseline,21985.99,231.8,0.010543
RRB-01049,consumer_unsecured,baseline,22477.35,458.67,0.020406
RRB-01050,consumer_unsecured,baseline,15512.54,1297.97,0.083672
RRB-01051,consumer_unsecured,baseline,16314.15,171.84,0.010533
RRB-01052,consumer_unsecured,baseline,11147.36,217.41,0.019503
RRB-01053,consumer_unsecured,baseline,28842.91,373.28,0.012942
RRB-01054,consumer_unsecured,baseline,12017.82,193.31,0.016085
RRB-01055,consumer_unsecured,baseline,25619.35,580.33,0.022652
RRB-01056,consumer_unsecured,baseline,11111.81,391.85,0.035264
RRB-01057,consumer_unsecured,baseline,8728.52,184.7,0.021161
RRB-01058,consumer_unsecured,baseline,26223.89,1177.37,0.044897
RRB-01059,consumer_unsecured,baseline,14457.74,448.41,0.031015
RRB-01060,consumer_unsecured,baseline,25962.03,377.36,0.014535
RRB-01061,consumer_unsecured,baseline,25473.19,1360.93,0.053426
RRB-01062,consumer_unsecured,baseline,6296.88,68.48,0.010876
RRB-01063,consumer_unsecured,baseline,21352.63,536.87,0.025143
RRB-01064,consumer_unsecured,baseline,24427.99,1139.37,0.046642
RRB-01065,consumer_unsecured,baseline,16157.34,501.8,0.031057
RRB-01066,consumer_unsecured,baseline,22362.06,480.27,0.021477
RRB-01067,consumer_unsecured,baseline,22787.06,1622.1,0.071185
RRB-01068,consumer_unsecured,baseline,13880.42,238.27,0.017166
RRB-01069,consumer_unsecured,baseline,14311.64,488.77,0.034152
RRB-01070,consumer_unsecured,baseline,30116.97,1678.51,0.055733
RRB-01071,consumer_unsecured,baseline,12118.83,119.6,0.009869
RRB-01072,consumer_unsecured,baseline,5912.27,101.95,0.017243
RRB-01073,consumer_unsecured,baseline,21497.67,103.64,0.004821
RRB-01074,consumer_unsecured,baseline,5222.62,71.9,0.013767
RRB-01075,consumer_unsecured,baseline,29292.17,523.74,0.01788
RRB-01076,consumer_unsecured,baseline,21373.7,454.58,0.021268
RRB-01077,consumer_unsecured,baseline,30481.02,431.73,0.014164
RRB-01078,consumer_unsecured,baseline,3711.77,447.32,0.120514
RRB-01079,consumer_unsecured,baseline,9033.51,101.85,0.011275
RRB-01080,consumer_unsecured,baseline,23149.97,534.9,0.023106
RRB-01081,consumer_unsecured,baseline,12779.8,312.31,0.024438
RRB-01082,consumer_unsecured,baseline,30586.94,499.88,0.016343
RRB-01083,consumer_unsecured,baseline,16933.88,479.25,0.028301
RRB-01084,consumer_unsecured,baseline,23185.93,275.91,0.0119
RRB-01085,consumer_unsecured,baseline,5683.14,210.26,0.036998
RRB-01086,consumer_unsecured,baseline,14851.49,196.5,0.013231
RRB-01087,consumer_unsecured,baseline,27127.27,473.53,0.017456
RRB-01088,consumer_unsecured,baseline,10525.77,359.67,0.03417
RRB-01089,consumer_unsecured,baseline,4341.27,20.11,0.004632
RRB-01090,consumer_unsecured,baseline,3035.94,71.8,0.023649
RRB-01091,consumer_unsecured,baseline,30726.7,180.58,0.005877
RRB-01092,consumer_unsecured,baseline,17128.08,433.01,0.025281
RRB-01093,consumer_unsecured,baseline,8713.39,213.35,0.024485
RRB-01094,consumer_unsecured,baseline,31059.75,253.26,0.008154
RRB-01095,consumer_unsecured,baseline,4913.87,173.91,0.035392
RRB-01096,consumer_unsecured,baseline,29014.35,459.79,0.015847
RRB-01097,consumer_unsecured,baseline,10960.57,441.03,0.040238
RRB-01098,consumer_unsecured,baseline,11790.2,73.75,0.006255
RRB-01099,consumer_unsecured,baseline,13997.74,594.33,0.042459
RRB-01100,consumer_unsecured,baseline,6504.4,156.74,0.024098
RRB-01101,consumer_unsecured,baseline,18989.23,643.36,0.03388
RRB-01102,consumer_unsecured,baseline,17508.88,557.73,0.031854
RRB-01103,consumer_unsecured,baseline,12723.51,224.4,0.017637
RRB-01104,consumer_unsecured,baseline,5503.89,32.78,0.005955
RRB-01105,consumer_unsecured,baseline,12243.28,224.33,0.018323
RRB-01106,consumer_unsecured,baseline,28357.18,1087.38,0.038346
RRB-01107,consumer_unsecured,baseline,6456.46,324.11,0.0502
RRB-01108,consumer_unsecured,baseline,12278.88,355.58,0.028959
RRB-01109,consumer_unsecured,baseline,23345.79,416.51,0.017841
RRB-01110,consumer_unsecured,baseline,4751.75,218.7,0.046026
RRB-01111,consumer_unsecured,baseline,28067.39,1110.32,0.039559
RRB-01112,consumer_unsecured,baseline,8768.25,90.59,0.010332
RRB-01113,consumer_unsecured,baseline,11128.92,148.74,0.013365
RRB-01114,consumer_unsecured,baseline,11946.97,282.75,0.023667
RRB-01115,consumer_unsecured,baseline,4018.57,66.86,0.016638
RRB-01116,consumer_unsecured,baseline,16904.27,597.31,0.035335
RRB-01117,consumer_unsecured,baseline,3551.89,75.3,0.021199
RRB-01118,consumer_unsecured,baseline,17092.39,277.73,0.016249
RRB-01119,consumer_unsecured,baseline,14112.83,381.43,0.027027
RRB-01120,consumer_unsecured,baseline,31799.68,509.11,0.01601
RRB-01121,consumer_unsecured,baseline,7722.52,492.56,0.063782
RRB-01122,consumer_unsecured,baseline,23234.01,588.66,0.025336
RRB-01123,consumer_unsecured,baseline,18415.45,230.25,0.012503
RRB-01124,consumer_unsecured,baseline,4672.46,235.61,0.050426
RRB-01125,consumer_unsecured,baseline,16987.18,223.47,0.013155
RRB-01126,consumer_unsecured,baseline,5636.8,158.55,0.028128
RRB-01127,consumer_unsecured,baseline,26654.49,1054.05,0.039545
RRB-01128,consumer_unsecured,baseline,18491.7,168.35,0.009104
RRB-01129,consumer_unsecured,baseline,3973.01,53.19,0.013387
RRB-01130,consumer_unsecured,baseline,21032.04,194.36,0.009241
RRB-01131,consumer_unsecured,baseline,16278.93,186.48,0.011455
RRB-01132,consumer_unsecured,baseline,21576.12,192.03,0.0089
RRB-01133,consumer_unsecured,baseline,29047.63,472.69,0.016273
RRB-01134,consumer_unsecured,baseline,12619.78,91.83,0.007277
RRB-01135,consumer_unsecured,baseline,29548.64,386.82,0.013091
RRB-01136,consumer_unsecured,baseline,9615.21,251.38,0.026144
RRB-01137,consumer_unsecured,baseline,30663.09,826.25,0.026946
RRB-01138,consumer_unsecured,baseline,6088.9,159.23,0.026151
RRB-01139,consumer_unsecured,baseline,14950.18,215.76,0.014432
RRB-01140,consumer_unsecured,baseline,12036.65,275.59,0.022896
RRB-01141,consumer_unsecured,baseline,5367.82,42.69,0.007953
RRB-01142,consumer_unsecured,baseline,23360.01,818.32,0.035031
RRB-01143,consumer_unsecured,baseline,6915.02,263.81,0.03815
RRB-01144,consumer_unsecured,baseline,17493.09,444.76,0.025425
RRB-01145,consumer_unsecured,baseline,15055.32,165.82,0.011014
RRB-01146,consumer_unsecured,baseline,29707.18,302.24,0.010174
RRB-01147,consumer_unsecured,baseline,18603.36,218.37,0.011738
RRB-01148,consumer_unsecured,baseline,18144.54,97.91,0.005396
RRB-01149,consumer_unsecured,baseline,4478.0,99.04,0.022118
RRB-01150,consumer_unsecured,baseline,9321.31,235.96,0.025314
RRB-01151,consumer_unsecured,baseline,5139.4,93.75,0.018241
RRB-01152,consumer_unsecured,baseline,24825.48,676.35,0.027244
RRB-01153,consumer_unsecured,baseline,5849.23,81.95,0.01401
RRB-01154,consumer_unsecured,baseline,8800.08,369.81,0.042023
RRB-01155,consumer_unsecured,baseline,6723.38,151.3,0.022504
RRB-01156,consumer_unsecured,baseline,23010.84,1581.77,0.06874
RRB-01157,consumer_unsecured,baseline,15873.71,722.3,0.045503
RRB-01158,consumer_unsecured,baseline,18208.94,418.71,0.022995
RRB-01159,consumer_unsecured,baseline,5008.96,151.83,0.030311
RRB-01160,consumer_unsecured,baseline,13766.45,204.28,0.014839
RRB-01161,consumer_unsecured,baseline,28525.85,620.64,0.021757
RRB-01162,consumer_unsecured,baseline,18868.38,87.68,0.004647
RRB-01163,consumer_unsecured,baseline,27277.53,632.89,0.023202
RRB-01164,consumer_unsecured,baseline,11186.19,556.66,0.049763
RRB-01165,consumer_unsecured,baseline,24969.88,289.88,0.011609
RRB-01166,consumer_unsecured,baseline,21157.87,247.82,0.011713
RRB-01167,consumer_unsecured,baseline,29115.62,1080.8,0.037121
RRB-01168,consumer_unsecured,baseline,9092.2,176.26,0.019386
RRB-01169,consumer_unsecured,baseline,8595.24,53.18,0.006187
RRB-01170,consumer_unsecured,baseline,9465.22,299.12,0.031602
RRB-01171,consumer_unsecured,baseline,15207.92,84.22,0.005538
RRB-01172,consumer_unsecured,baseline,16097.08,170.11,0.010568
RRB-01173,consumer_unsecured,baseline,4239.27,43.21,0.010193
RRB-01174,consumer_unsecured,baseline,14150.04,105.93,0.007486
RRB-01175,consumer_unsecured,baseline,7474.43,132.9,0.01778
RRB-01176,consumer_unsecured,baseline,3855.51,134.14,0.034793
RRB-01177,consumer_unsecured,baseline,28317.36,1094.83,0.038663
RRB-01178,consumer_unsecured,baseline,7841.18,387.22,0.049383
RRB-01179,consumer_unsecured,baseline,12328.37,368.08,0.029856
RRB-01180,consumer_unsecured,baseline,28753.39,331.93,0.011544
RRB-01181,consumer_unsecured,baseline,9896.17,110.14,0.01113
RRB-01182,consumer_unsecured,baseline,24314.05,440.77,0.018128
RRB-01183,consumer_unsecured,baseline,27547.11,593.17,0.021533
RRB-01184,consumer_unsecured,baseline,8292.36,104.48,0.0126
RRB-01185,consumer_unsecured,baseline,4328.0,47.23,0.010913
RRB-01186,consumer_unsecured,baseline,8334.33,76.22,0.009145
RRB-01187,consumer_unsecured,baseline,10414.62,383.63,0.036836
RRB-01188,consumer_unsecured,baseline,22466.89,829.79,0.036934
RRB-01189,consumer_unsecured,baseline,20381.04,556.12,0.027286
RRB-01190,consumer_unsecured,baseline,12216.56,314.89,0.025776
RRB-01191,consumer_unsecured,baseline,3619.45,41.59,0.01149
RRB-01192,consumer_unsecured,baseline,9828.9,41.39,0.004211
RRB-01193,consumer_unsecured,baseline,10663.64,97.67,0.009159
RRB-01194,consumer_unsecured,baseline,6142.5,122.57,0.019955
RRB-01195,consumer_unsecured,baseline,13962.5,150.92,0.010809
RRB-01196,consumer_unsecured,baseline,7875.81,95.83,0.012168
RRB-01197,consumer_unsecured,baseline,11523.15,294.97,0.025598
RRB-01198,consumer_unsecured,baseline,15416.03,298.35,0.019353
RRB-01199,consumer_unsecured,baseline,3515.13,31.0,0.00882
RRB-01200,consumer_unsecured,baseline,14802.76,560.43,0.03786
